"This product is amazing",1
"I am very disappointed with this service",0
"Great quality and fast delivery",1
"Terrible experience, will not buy again",0
"I love this, works perfectly",1
"The customer support was rude",0
"Excellent value for the price",1
"The product broke after one day",0
"Highly recommend this to everyone",1
"Not worth the money at all",0
"Fantastic experience",1
"Waste of time and money",0
"Very satisfied with my purchase",1
"Defective item received",0
"Exceeded my expectations",1
"Never buying from here again",0
"Perfect for what I needed",1
"Terrible customer service",0
"Fast shipping and good quality",1
"The item arrived damaged",0
"This app changed my life",1
"Completely useless, don’t buy it",0
"Super easy to set up and use",1
"The product did not meet my expectations",0
"Outstanding customer service experience",1
"Poor quality and overpriced",0
"My whole family loves this product",1
"I had issues from the very beginning",0
"One of the best purchases I’ve made",1
"Not as described, very disappointing",0
"Amazing support team, very responsive",1
"The packaging was damaged on arrival",0
"Perfect size and color",1
"The battery life is terrible",0
"High-quality materials and craftsmanship",1
"Cheaply made and unreliable",0
"Very intuitive and user-friendly",1
"The software kept crashing",0
"Great performance for the price",1
"Does not work as advertised",0
"I would definitely buy this again",1
"The instructions were unclear",0
"Bright and vibrant colors",1
"The sound quality is poor",0
"Exactly what I was looking for",1
"Stopped working after a week",0
"Looks great and feels durable",1
"The interface is outdated and clunky",0
"Lightweight and easy to carry",1
"The buttons are hard to press",0
"Super comfortable and soft",1
"The item doesn’t match the picture",0
"Impressive features and affordable price",1
"Very disappointed with the functionality",0
"Reliable and performs as expected",1
"Poorly constructed, fell apart quickly",0
"Definitely worth the investment",1
"Caused more problems than solutions",0
